,port_1,port_2,port_3,port_4,port_5
Excess_Return%,1.497958137510821,1.735313014368507,1.411533327867563,1.3224283288522487,0.9098723093395578
t-Excess_Return,2.920650258878561,2.675966673854159,1.9980125835223688,1.7492148881241711,1.0525052088759745
CAPM_alpha%,1.0028733060735293,1.0847480853377045,0.7029665460272251,0.5645637095348296,0.05439038043164113
t-CAPM_alpha,5.711558994233036,6.871617833829432,4.1540162241910945,3.0448557168559853,0.22275366111231173
FF3_alpha%,0.9529668069459651,1.0825097521066802,0.7243908875987433,0.46492777128388574,-0.0742839602330219
t-FF3_alpha,5.51920213531493,6.515838645071454,4.973789630905462,3.1405315358383126,-0.3106444846509794
Carhart4_alpha%,0.9216865813235652,1.0882969141920737,0.7218694149013093,0.4826043365404385,-0.004467305507526668
t-Carhart4_alpha,5.033649487867133,6.555990334555576,4.938651367636504,3.2236765361814577,-0.01731396358133543
FF5_alpha%,0.9560544034184245,1.1269109882353117,0.7668954525825119,0.5946866370547376,0.19156507623923177
t-FF5_alpha,5.025475975698196,5.875883487644447,5.0625846585219545,3.4663277049060706,0.8150296579572415
LSY3_alpha%,0.9096373997905444,1.2137472494295447,0.950366459345231,1.0092118675774555,0.9201558712506261
t-LSY3_alpha,4.230212565782902,6.3704945796000185,5.574643199376237,5.167162580448545,4.126647842710187
LSY4_alpha%,0.9050706725661776,1.2331774750860947,0.9264601848701752,1.0717869927281944,1.0879435477355057
t-LSY4_alpha,3.7302345528566296,6.273049733248596,5.372980318838173,5.529851784487773,4.461019249755103
beta (ex ante),0.5971011526507315,0.9550462758678154,1.1144361819029978,1.2460382879761829,1.4319373729338798
beta (realized),0.7667923354405934,1.0076014646602194,1.0974353140362707,1.1737882974663638,1.3249789622722723
volatility%,22.683211775960995,28.680158599707507,31.244770779707387,33.43592975594965,38.23319743293138
Sharpe Ratio,0.7924582209817289,0.7260683758085792,0.5421195134966962,0.4746133893107369,0.28557558470561756
